x,velocity_cm_s
-5.313390313390316422e+00,5.814459072072563117e+01
-5.309829059829062281e+00,5.897798463716771522e+01
-5.306267806267809028e+00,5.902268013574356331e+01
-5.302706552706555776e+00,5.834627855143272512e+01
-5.299145299145301635e+00,5.701638121921475744e+01
-5.295584045584048383e+00,5.510058947406920993e+01
-5.292022792022795130e+00,5.266650465097564648e+01
-5.288461538461540989e+00,4.978172808491304835e+01
-5.284900284900287737e+00,4.661757796162895318e+01
-5.281339031339034484e+00,4.285989491132841067e+01
-5.277777777777780344e+00,3.875435373530392269e+01
-5.274216524216527091e+00,3.450667990322193646e+01
-5.270655270655273839e+00,3.036146115973205895e+01
-5.267094017094019698e+00,2.806315165250767052e+01
-5.263532763532766445e+00,2.524903376823324663e+01
-5.259971509971513193e+00,2.179898774786978777e+01
-5.256410256410259052e+00,1.822229962860996011e+01
-5.252849002849005799e+00,1.465213384920745909e+01
-5.249287749287752547e+00,1.054659267318297111e+01
-5.245726495726498406e+00,6.640526391128304340e+00
-5.242165242165245154e+00,3.141019293513480193e+00
-5.238603988603991013e+00,3.377719756679340435e-01
-5.235042735042737760e+00,-2.494554107374810314e+00
-5.231481481481484508e+00,-4.903743392173737448e+00
-5.227920227920230367e+00,-7.512679335103186418e+00
-5.224358974358977115e+00,-8.298349523749948276e+00
-5.220797720797723862e+00,-7.343370262973465401e+00
-5.217236467236469721e+00,-4.535231190234966903e+00
-5.213675213675216469e+00,-2.679081972504931741e+00
-5.210113960113963216e+00,-4.829557897119656218e-01
-5.206552706552709076e+00,1.916721749461686386e+00
-5.202991452991455823e+00,4.419669669709620052e+00
-5.199430199430202570e+00,6.862829474598726165e+00
-5.195868945868948430e+00,9.083142667695980776e+00
-5.192307692307695177e+00,1.095913066915866807e+01
-5.188746438746441925e+00,1.237203254075140535e+01
-5.185185185185187784e+00,1.314574510632641591e+01
-5.181623931623934531e+00,1.316966035246993272e+01
-5.178062678062681279e+00,1.231740794444631604e+01
-5.174501424501427138e+00,1.240111130594861777e+01
-5.170940170940173886e+00,1.239241485280554400e+01
-5.167378917378920633e+00,1.232202793517858197e+01
-5.163817663817666492e+00,1.220217994030025466e+01
-5.160256410256413240e+00,1.208939781360068366e+01
-5.156695156695159987e+00,1.196166865806145552e+01
-5.153133903133905847e+00,1.188095470232707385e+01
-5.149572649572652594e+00,1.182877598346848913e+01
-5.146011396011398453e+00,1.178665253855659500e+01
-5.142450142450145201e+00,1.179616428418188434e+01
-5.138888888888891948e+00,1.185731122034428608e+01
-5.135327635327637807e+00,1.190731582591709525e+01
-5.131766381766384555e+00,1.200352033881262059e+01
-5.128205128205131302e+00,1.209890955922597300e+01
-5.124643874643877162e+00,1.218533056233552259e+01
-5.121082621082623909e+00,1.229349269830279923e+01
-5.117521367521370657e+00,1.241252540069896781e+01
-5.113960113960116516e+00,1.251036049855881060e+01
-5.110398860398863263e+00,1.261498970043672330e+01
-5.106837606837610011e+00,1.271282479829656609e+01
-5.103276353276355870e+00,1.283185750069274889e+01
-5.099715099715102617e+00,1.296121724119630869e+01
-5.096153846153849365e+00,1.305117117839523644e+01
-5.092592592592595224e+00,1.313514630405826722e+01
-5.089031339031341972e+00,1.318650973043470742e+01
-5.085470085470088719e+00,1.319982617431007554e+01
-5.081908831908834578e+00,1.319004266452408558e+01
-5.078347578347581326e+00,1.315090862538016836e+01
-5.074786324786328073e+00,1.311585104864701634e+01
-5.071225071225073933e+00,1.311829692609352094e+01
-5.067663817663820680e+00,1.313161336996887485e+01
-5.064102564102567428e+00,1.315036509705866763e+01
-5.060541310541313287e+00,1.318949913620258485e+01
-5.056980056980060034e+00,1.324276491170409997e+01
-5.053418803418805894e+00,1.334358941533190546e+01
-5.049857549857552641e+00,1.346262211772805983e+01
-5.046296296296299388e+00,1.358899245246369958e+01
-5.042735042735045248e+00,1.373030981603905332e+01
-5.039173789173791995e+00,1.389418360495430704e+01
-5.035612535612538743e+00,1.404936094072647279e+01
-5.032051282051284602e+00,1.416730658647972518e+01
-5.028490028490031349e+00,1.428498046807226274e+01
-5.024928774928778097e+00,1.438471791505718045e+01
-5.021367521367523956e+00,1.439422966068244136e+01
-5.017806267806270704e+00,1.432791920546632980e+01
-5.014245014245017451e+00,1.414284781201477870e+01
-5.010683760683763310e+00,1.381917669659509329e+01
-5.007122507122510058e+00,1.342022690865545087e+01
-5.003561253561256805e+00,1.299083953471497921e+01
-5.000000000000002665e+00,1.253699338630954685e+01
-4.996438746438749412e+00,1.210624719156547258e+01
-4.992877492877496159e+00,1.174615967860906096e+01
-4.989316239316242019e+00,1.146270965897622318e+01
-4.985754985754988766e+00,1.128035590713184888e+01
-4.982193732193735514e+00,1.117925963934335698e+01
-4.978632478632481373e+00,1.119692430979026199e+01
-4.975071225071228120e+00,1.126377829332784586e+01
-4.971509971509973980e+00,1.136487456111636618e+01
-4.967948717948720727e+00,1.153989068062119827e+01
-4.964387464387467475e+00,1.170023153544705963e+01
-4.960826210826213334e+00,1.187470412663049046e+01
-4.957264957264960081e+00,1.206820020906442892e+01
-4.953703703703706829e+00,1.228561153764186997e+01
-4.950142450142452688e+00,1.247176998773630885e+01
-4.946581196581199436e+00,1.263428495584795996e+01
-4.943019943019946183e+00,1.276228587554794558e+01
-4.939458689458692042e+00,1.282642221747829581e+01
-4.935897435897438790e+00,1.286012097340777416e+01
-4.932336182336185537e+00,1.283674925558571545e+01
-4.928774928774931396e+00,1.279245169738804577e+01
-4.925213675213678144e+00,1.268211544813500780e+01
-4.921652421652424891e+00,1.258346505779299207e+01
-4.918091168091170751e+00,1.251416519680891781e+01
-4.914529914529917498e+00,1.247421586518282766e+01
-4.910968660968664246e+00,1.246633470452186998e+01
-4.907407407407410105e+00,1.249595699804056892e+01
-4.903846153846156852e+00,1.252965575397004727e+01
-4.900284900284903600e+00,1.255520158507790995e+01
-4.896723646723649459e+00,1.256036510413161977e+01
-4.893162393162396206e+00,1.253291692389869638e+01
-4.889601139601142066e+00,1.246062765714671627e+01
-4.886039886039888813e+00,1.235165022869728091e+01
-4.882478632478635561e+00,1.219293995883570858e+01
-4.878917378917381420e+00,1.203151204736695945e+01
-4.875356125356128167e+00,1.185160417296910396e+01
-4.871794871794874915e+00,1.173909381043030464e+01
-4.868233618233620774e+00,1.167821863842863195e+01
-4.864672364672367522e+00,1.167441394017851053e+01
-4.861111111111114269e+00,1.169153508230397165e+01
-4.857549857549860128e+00,1.175349731094854633e+01
-4.853988603988606876e+00,1.182143835112898955e+01
-4.850427350427353623e+00,1.191655580738162712e+01
-4.846866096866099483e+00,1.199726976311602300e+01
-4.843304843304846230e+00,1.210325778579750988e+01
-4.839743589743592977e+00,1.217255764678158414e+01
-4.836182336182338837e+00,1.220598463855036186e+01
-4.832621082621085584e+00,1.216467648612065489e+01
-4.829059829059832332e+00,1.209293074769009024e+01
-4.825498575498578191e+00,1.199618270647313523e+01
-4.821937321937324938e+00,1.188258528729141972e+01
-4.818376068376071686e+00,1.174181145203750987e+01
-4.814814814814817545e+00,1.160592937167659500e+01
-4.811253561253564293e+00,1.144694733765435046e+01
-4.807692307692310152e+00,1.127845355800683080e+01
-4.804131054131056899e+00,1.111403624077013319e+01
-4.800569800569803647e+00,1.096728359398035479e+01
-4.797008547008550394e+00,1.085178382567356437e+01
-4.793447293447296254e+00,1.078112514388588750e+01
-4.789886039886043001e+00,1.070611823552667374e+01
-4.786324786324788860e+00,1.063491602541755299e+01
-4.782763532763535608e+00,1.059143375970208467e+01
-4.779202279202282355e+00,1.059686904291650933e+01
-4.775641025641028214e+00,1.065122187506085538e+01
-4.772079772079774962e+00,1.071291233954471522e+01
-4.768518518518521709e+00,1.082161800383343575e+01
-4.764957264957267569e+00,1.093575895133660936e+01
-4.761396011396014316e+00,1.103495287000006897e+01
-4.757834757834761064e+00,1.109881744776969015e+01
-4.754273504273506923e+00,1.114855028918179869e+01
-4.750712250712253670e+00,1.114528911925314958e+01
-4.747150997151000418e+00,1.111294918412724542e+01
-4.743589743589746277e+00,1.101538585042810325e+01
-4.740028490028493025e+00,1.085803440137017617e+01
-4.736467236467239772e+00,1.068791003675831064e+01
-4.732905982905985631e+00,1.053354799346833204e+01
-4.729344729344732379e+00,1.040581883792907547e+01
-4.725783475783478238e+00,1.027673086158621629e+01
-4.722222222222224985e+00,1.015987227247582325e+01
-4.718660968660971733e+00,1.006883127863402194e+01
-4.715099715099718480e+00,9.954418566970133497e+00
-4.711538461538464340e+00,9.887564583432549625e+00
-4.707977207977211087e+00,9.813644731716237857e+00
-4.704415954415956946e+00,9.776956570018768389e+00
-4.700854700854703694e+00,9.777500098340212276e+00
-4.697293447293450441e+00,9.812557675073350083e+00
-4.693732193732196301e+00,9.855496412467402934e+00
-4.690170940170943048e+00,9.937025660683943329e+00
-4.686609686609689795e+00,1.006393952374099854e+01
-4.683048433048435655e+00,1.024031446404947587e+01
-4.679487179487182402e+00,1.027673086158618787e+01
-4.675925925925929150e+00,1.039522003566092678e+01
-4.672364672364675009e+00,1.071997820772345733e+01
-4.668803418803421756e+00,1.111784093902021198e+01
-4.665242165242168504e+00,1.143254383713608036e+01
-4.661680911680914363e+00,1.217337293926377129e+01
-4.658119658119661111e+00,1.334060000956394276e+01
-4.654558404558407858e+00,1.484590169580209817e+01
-4.650997150997153717e+00,1.634033281561137585e+01
-4.647435897435900465e+00,1.808152579335605026e+01
-4.643874643874646324e+00,2.018036040661064590e+01
-4.640313390313393072e+00,2.227729267074015240e+01
-4.636752136752139819e+00,2.462288914193015898e+01
-4.633190883190886566e+00,2.703751370994352499e+01
-4.629629629629632426e+00,2.949045702461862106e+01
-4.626068376068379173e+00,3.217195399846077919e+01
-4.622507122507125032e+00,3.459663384042082157e+01
-4.618945868945871780e+00,3.698652786980848362e+01
-4.615384615384618527e+00,3.935468076633837597e+01
-4.611823361823364387e+00,4.199595664439372911e+01
-4.608262108262111134e+00,4.451385159348134835e+01
-4.604700854700857882e+00,4.668850840757733067e+01
-4.601139601139603741e+00,4.827533934203201227e+01
-4.597578347578350488e+00,4.990945724045229070e+01
-4.594017094017097236e+00,5.146639411722757274e+01
-4.590455840455843095e+00,5.244284274670106782e+01
-4.586894586894589843e+00,5.374513660488000966e+01
-4.583333333333336590e+00,5.514662438172241821e+01
-4.579772079772082449e+00,5.664540372810323277e+01
-4.576210826210829197e+00,5.813113839476939404e+01
-4.572649572649575944e+00,5.944321576273434005e+01
-4.569088319088321803e+00,6.098819501643786367e+01
-4.565527065527068551e+00,6.245735206930000771e+01
-4.561965811965814410e+00,6.376018945580037922e+01
-4.558404558404561158e+00,6.483012495656217311e+01
-4.554843304843307905e+00,6.545409546957947100e+01
-4.551282051282054653e+00,6.596501209173649727e+01
-4.547720797720800512e+00,6.653761917837736917e+01
-4.544159544159547259e+00,6.699445473255073580e+01
-4.540598290598293119e+00,6.735780341543579652e+01
-4.537037037037039866e+00,6.804319262877622521e+01
-4.533475783475786614e+00,6.864080201820348748e+01
-4.529914529914532473e+00,6.906883057134035653e+01
-4.526353276353279220e+00,6.937646760127745438e+01
-4.522792022792025968e+00,6.949903323776300113e+01
-4.519230769230771827e+00,6.938000053536683254e+01
-4.515669515669518574e+00,6.903024006051785477e+01
-4.512108262108265322e+00,6.844486005832307285e+01
-4.508547008547011181e+00,6.766326633208711883e+01
-4.504985754985757929e+00,6.672758232672191525e+01
-4.501424501424504676e+00,6.605686837806047151e+01
-4.497863247863250535e+00,6.549078363127691205e+01
-4.494301994301997283e+00,6.508096327690842031e+01
-4.490740740740744030e+00,6.487904250549210872e+01
-4.487179487179489890e+00,6.472875692461295216e+01
-4.483618233618236637e+00,6.462901947762804866e+01
-4.480056980056982496e+00,6.456977489059067921e+01
-4.476495726495729244e+00,6.457629723044800585e+01
-4.472934472934475991e+00,6.460836540141318096e+01
-4.469373219373222739e+00,6.459994071243079361e+01
-4.465811965811968598e+00,6.462358419441360979e+01
-4.462250712250715345e+00,6.462901947762804866e+01
-4.458689458689461205e+00,6.473745337775605435e+01
-4.455128205128207952e+00,6.513912080730290199e+01
-4.451566951566954700e+00,6.537827326873809852e+01
-4.448005698005700559e+00,6.576825483937389549e+01
-4.444444444444447306e+00,6.492170947872544673e+01
-4.440883190883194054e+00,6.284896422490016477e+01
-4.437321937321939913e+00,5.967937881840161651e+01
-4.433760683760686661e+00,5.582358890608048085e+01
-4.430199430199433408e+00,5.130197679999090354e+01
-4.426638176638179267e+00,4.692874792565542919e+01
-4.423076923076926015e+00,4.184567106351457255e+01
-4.419515669515672762e+00,3.646501244538332287e+01
-4.415954415954418621e+00,3.126181582420343830e+01
-4.412393162393165369e+00,2.656790524021621991e+01
-4.408831908831912116e+00,2.279364457611164596e+01
-4.405270655270657976e+00,2.140873441307326175e+01
-4.401709401709404723e+00,1.968330375665044585e+01
-4.398148148148151471e+00,1.776709465940091093e+01
-4.394586894586897330e+00,1.467550556702951781e+01
-4.391025641025644077e+00,1.128687824698918973e+01
-4.387464387464390825e+00,7.936841437771363417e+00
-4.383903133903136684e+00,4.921889838723529920e+00
-4.380341880341883432e+00,2.235772874149091649e+00
-4.376780626780629291e+00,7.579132473209426735e-02
-4.373219373219376038e+00,-2.422808368944259882e+00
-4.369658119658122786e+00,-4.454788998661285859e+00
-4.366096866096869533e+00,-5.790781612769734465e+00
-4.362535612535615392e+00,-6.320721726177282562e+00
-4.358974358974362140e+00,-5.950307175113465519e+00
-4.355413105413107999e+00,-4.520555925555981958e+00
-4.351851851851854747e+00,-4.468920735018841128e+00
-4.348290598290601494e+00,-4.550721747396082151e+00
-4.344729344729347353e+00,-4.715410828793508813e+00
-4.341168091168094101e+00,-4.954835054389448601e+00
-4.337606837606840848e+00,-5.240459187308090350e+00
-4.334045584045586708e+00,-5.564945595209920270e+00
-4.330484330484333455e+00,-5.882094370772279035e+00
-4.326923076923080203e+00,-6.169620852815967282e+00
-4.323361823361826062e+00,-6.285120621122729290e+00
-4.319800569800572809e+00,-6.229408968174766414e+00
-4.316239316239318669e+00,-6.023683498508319190e+00
-4.312678062678065416e+00,-5.712241770321142553e+00
-4.309116809116812163e+00,-6.106299803367789991e+00
-4.305555555555558911e+00,-5.921228409916224678e+00
-4.301994301994304770e+00,-5.253503867022715212e+00
-4.298433048433051518e+00,-4.166175459974752471e+00
-4.294871794871797377e+00,-2.727727757274138298e+00
-4.291310541310544124e+00,-1.050942885620514744e+00
-4.287749287749290872e+00,7.274817821430303866e-01
-4.284188034188037619e+00,2.548573423139913530e+00
-4.280626780626783479e+00,4.329443968349977467e+00
-4.277065527065530226e+00,6.047265228272564741e+00
-4.273504273504276085e+00,7.597951529351249178e+00
-4.269943019943022833e+00,8.877417198029590395e+00
-4.266381766381769580e+00,9.758476607089704657e+00
-4.262820512820516328e+00,1.017128636722614488e+01
-4.259259259259262187e+00,1.000170553093572323e+01
-4.255698005698008934e+00,1.050501275659254929e+01
-4.252136752136754794e+00,1.103495287000006897e+01
-4.248575498575501541e+00,1.158473176714028341e+01
-4.245014245014248289e+00,1.217147059013872479e+01
-4.241452991452994148e+00,1.269217072208169839e+01
-4.237891737891740895e+00,1.318786855123832424e+01
-4.234330484330486755e+00,1.366073819089425001e+01
-4.230769230769233502e+00,1.407599382847719482e+01
-4.227207977207980250e+00,1.446434481414868856e+01
-4.223646723646726997e+00,1.477877594810381368e+01
-4.220085470085472856e+00,1.505896479780798813e+01
-4.216524216524219604e+00,1.528996433442154057e+01
-4.212962962962965463e+00,1.546498045392638687e+01
-4.209401709401712210e+00,1.558537197712615807e+01
-4.205840455840458958e+00,1.561907073305566485e+01
-4.202279202279205705e+00,1.560222135509093278e+01
-4.198717948717951565e+00,1.551634388030282707e+01
-4.195156695156698312e+00,1.536959123351306289e+01
-4.191595441595444171e+00,1.515516931070351347e+01
-4.188034188034190919e+00,1.497689202127001806e+01
-4.184472934472937666e+00,1.476736185335350626e+01
-4.180911680911684414e+00,1.445238719107693726e+01
-4.177350427350430273e+00,1.400941160910032579e+01
-4.173789173789177021e+00,1.340201870988710198e+01
-4.170227920227922880e+00,1.269814953361760956e+01
-4.166666666666669627e+00,1.192416520388188417e+01
-4.163105413105416375e+00,1.097652357544488666e+01
-4.159544159544162234e+00,1.006339599541956886e+01
-4.155982905982908981e+00,9.378278546239869229e+00
-4.152421652421654841e+00,8.942912360763529023e+00
-4.148860398860401588e+00,8.752405684097539051e+00
-4.145299145299148336e+00,8.877688962190291022e+00
-4.141737891737895083e+00,9.282617561665816197e+00
-4.138176638176640942e+00,9.925611565933621705e+00
-4.134615384615387690e+00,1.071617350947337854e+01
-4.131054131054133549e+00,1.151217073622757425e+01
-4.127492877492880297e+00,1.222065990322933260e+01
-4.123931623931627044e+00,1.279978932972751693e+01
-4.120370370370373792e+00,1.324303667586481481e+01
-4.116809116809119651e+00,1.350148439271126222e+01
-4.113247863247866398e+00,1.352621493133692354e+01
-4.109686609686612258e+00,1.355937015894501485e+01
-4.106125356125359005e+00,1.365176997359041877e+01
-4.102564102564105752e+00,1.368383814455559389e+01
-4.099002849002852500e+00,1.366508641746581532e+01
-4.095441595441598359e+00,1.367052170068026840e+01
-4.091880341880345107e+00,1.363736647307219130e+01
-4.088319088319090966e+00,1.361073358532146926e+01
-4.084757834757837713e+00,1.355991368726644453e+01
-4.081196581196584461e+00,1.345963271196013977e+01
-4.077635327635330320e+00,1.330853183859878186e+01
-4.074074074074077068e+00,1.310796988798610130e+01
-4.070512820512823815e+00,1.284082571799653749e+01
-4.066951566951569674e+00,1.253155810309512219e+01
-4.063390313390316422e+00,1.220462581774675925e+01
-4.059829059829063169e+00,1.188448763641645201e+01
-4.056267806267809028e+00,1.159560233356917536e+01
-4.052706552706555776e+00,1.132084876707942556e+01
-4.049145299145301635e+00,1.112436327887755283e+01
-4.045584045584048383e+00,1.098902472683808185e+01
-4.042022792022795130e+00,1.089771196883555149e+01
-4.038461538461541878e+00,1.085178382567357858e+01
-4.034900284900287737e+00,1.082949916449437922e+01
-4.031339031339034484e+00,1.080639921083302113e+01
-4.027777777777780344e+00,1.079688746520774600e+01
-4.024216524216527091e+00,1.075258990701009054e+01
-4.020655270655273839e+00,1.068519239515110542e+01
-4.017094017094020586e+00,1.058518318400545866e+01
-4.013532763532766445e+00,1.046343284000208484e+01
-4.009971509971513193e+00,1.033081192956984751e+01
-4.006410256410259052e+00,1.019819101913759596e+01
-4.002849002849005799e+00,1.007644067513422215e+01
-3.999287749287752547e+00,9.976431463988589599e+00
-3.995726495726498406e+00,9.867454035539140023e+00
-3.992165242165245154e+00,9.778858919143829098e+00
-3.988603988603991901e+00,9.718799039624315128e+00
-3.985042735042737760e+00,9.695427321802227993e+00
-3.981481481481484508e+00,9.675316773908804180e+00
-3.977920227920230811e+00,9.706297888231091520e+00
-3.974358974358977115e+00,9.713363756409847838e+00
-3.970797720797723862e+00,9.723147266195837801e+00
-3.967236467236470165e+00,9.699503784213035829e+00
-3.963675213675216469e+00,9.666348556604987152e+00
-3.960113960113963216e+00,9.626399224978896996e+00
-3.956552706552709520e+00,9.603571035478253748e+00
-3.952991452991455823e+00,9.561719354727102882e+00
-3.949430199430202570e+00,9.527477070476152221e+00
-3.945868945868948874e+00,9.467417190956638251e+00
-3.942307692307695177e+00,9.389692640990205064e+00
-3.938746438746441925e+00,9.302456345398482540e+00
-3.935185185185188228e+00,9.192663624466860028e+00
-3.931623931623934531e+00,9.086132073463900838e+00
-3.928062678062681279e+00,9.027159250587288852e+00
-3.924501424501427582e+00,8.976882880853750635e+00
-3.920940170940173886e+00,8.956500568799597772e+00
-3.917378917378920633e+00,8.966012314424887109e+00
-3.913817663817666492e+00,9.005418117729547589e+00
-3.910256410256413240e+00,9.074717978713607636e+00
-3.906695156695159987e+00,9.173911897377067248e+00
-3.903133903133905847e+00,9.261419957129490399e+00
-3.899572649572652594e+00,9.355722120899955030e+00
-3.896011396011398897e+00,9.412520830490819890e+00
-3.892450142450145201e+00,9.447578407223929275e+00
-3.888888888888891948e+00,9.434261963348561153e+00
-3.885327635327638252e+00,9.384800886097210082e+00
-3.881766381766384555e+00,9.350286837685530372e+00
-3.878205128205131302e+00,9.381811480329275810e+00
-3.874643874643877606e+00,9.450024284670419661e+00
-3.871082621082623909e+00,9.567969930423686264e+00
-3.867521367521370657e+00,9.688633217784186513e+00
-3.863960113960116960e+00,9.806578863537481539e+00
-3.860398860398863263e+00,9.937569189005373005e+00
-3.856837606837610011e+00,1.003730663599029072e+01
-3.853276353276356314e+00,1.010307356288494418e+01
-3.849715099715102617e+00,1.013215232808221344e+01
-3.846153846153849365e+00,1.010062768543845380e+01
-3.842592592592595668e+00,1.004464426832976187e+01
-3.839031339031341972e+00,9.958766793541670381e+00
-3.835470085470088719e+00,9.879139894450176484e+00
-3.831908831908834578e+00,9.802230636965916233e+00
-3.828347578347581326e+00,9.787283608126202239e+00
-3.824786324786328073e+00,9.813101203394779759e+00
-3.821225071225073933e+00,9.879683422771620371e+00
-3.817663817663820680e+00,9.924252745129990672e+00
-3.814102564102567428e+00,9.961756199309604654e+00
-3.810541310541313287e+00,9.937297424844658167e+00
-3.806980056980060034e+00,9.883216356861026952e+00
-3.803418803418806338e+00,9.956864444416638094e+00
-3.799857549857552641e+00,1.015525228174352890e+01
-3.796296296296299388e+00,1.043353878232268528e+01
-3.792735042735045692e+00,1.102734347349986876e+01
-3.789173789173791995e+00,1.204781789701027606e+01
-3.785612535612538743e+00,1.325662488390089777e+01
-3.782051282051285046e+00,1.498477318193093311e+01
-3.778490028490031349e+00,1.711812184359719424e+01
-3.774928774928778097e+00,1.951317939203856611e+01
-3.771367521367524400e+00,2.174001492499311894e+01
-3.767806267806270704e+00,2.405028205528928709e+01
-3.764245014245017451e+00,2.652224886121493341e+01
-3.760683760683763754e+00,2.901188033758751317e+01
-3.757122507122510058e+00,3.159065045867679089e+01
-3.753561253561256805e+00,3.412159008747907762e+01
-3.750000000000003109e+00,3.663024505510217921e+01
-3.746438746438749412e+00,3.910492950263504497e+01
-3.742877492877496159e+00,4.160869271536512315e+01
-3.739316239316242019e+00,4.384911645635578736e+01
-3.735754985754988766e+00,4.600909800577279896e+01
-3.732193732193735514e+00,4.834409567469462843e+01
-3.728632478632481373e+00,5.045515967518170442e+01
-3.725071225071228120e+00,5.201155302363554256e+01
-3.721509971509974424e+00,5.310051201564786538e+01
-3.717948717948720727e+00,5.420985331971431265e+01
-3.714387464387467475e+00,5.567384685352272555e+01
-3.710826210826213778e+00,5.723187078694090246e+01
-3.707264957264960081e+00,5.896463907570321794e+01
-3.703703703703706829e+00,6.074007433769884301e+01
-3.700142450142453132e+00,6.262448702814392476e+01
-3.696581196581199436e+00,6.445210100899814165e+01
-3.693019943019946183e+00,6.608540361493624005e+01
-3.689458689458692486e+00,6.747085730629606815e+01
-3.685897435897438790e+00,6.893186143433655388e+01
-3.682336182336185537e+00,7.019474948921083524e+01
-3.678774928774931841e+00,7.112010645646863338e+01
-3.675213675213678144e+00,7.161363017233944106e+01
-3.671652421652424891e+00,7.227863707362573109e+01
-3.668091168091171195e+00,7.253382362054352939e+01
-3.664529914529917498e+00,7.269633858865518050e+01
-3.660968660968664246e+00,7.251371307265011978e+01
-3.657407407407410105e+00,7.217536669255144943e+01
-3.653846153846156852e+00,7.163047955030420155e+01
-3.650284900284903600e+00,7.091220687351643903e+01
-3.646723646723649459e+00,7.013414608136987738e+01
-3.643162393162396206e+00,6.938869698850993473e+01
-3.639601139601142510e+00,6.876825940958204342e+01
-3.636039886039888813e+00,6.811086190479596780e+01
-3.632478632478635561e+00,6.797606688107794071e+01
-3.628917378917381864e+00,6.832365324264114292e+01
-3.625356125356128167e+00,6.913459749823505263e+01
-3.621794871794874915e+00,7.081464353981731108e+01
-3.618233618233621218e+00,7.190659193759756818e+01
-3.614672364672367522e+00,7.288195351042816128e+01
-3.611111111111114269e+00,7.334069141372660283e+01
-3.607549857549860572e+00,7.328552328910006963e+01
-3.603988603988606876e+00,7.272731970297745363e+01
-3.600427350427353623e+00,7.170630175114558824e+01
-3.596866096866099927e+00,7.027274580333801168e+01
-3.593304843304846230e+00,6.897452840756989190e+01
-3.589743589743592977e+00,6.760021704679967058e+01
-3.586182336182339281e+00,6.534484627696930659e+01
-3.582621082621085584e+00,6.287423829184728419e+01
-3.579059829059832332e+00,6.014436729739664145e+01
-3.575498575498578191e+00,5.783736133702914373e+01
-3.571937321937324938e+00,5.546078375151685691e+01
-3.568376068376071686e+00,5.257519189297261164e+01
-3.564814814814817545e+00,4.965617304265957443e+01
-3.561253561253564293e+00,4.625803397699398545e+01
-3.557692307692311040e+00,4.273325281243202767e+01
-3.554131054131056899e+00,3.925086685694267885e+01
-3.550569800569803647e+00,3.609052143190865536e+01
-3.547008547008549950e+00,3.499014834514603933e+01
-3.543447293447296254e+00,3.328075177420581099e+01
-3.539886039886043001e+00,3.026607193931870654e+01
-3.536324786324789304e+00,2.580506324107008709e+01
-3.532763532763535608e+00,2.088096841295147499e+01
-3.529202279202282355e+00,1.556743554251853823e+01
-3.525641025641028659e+00,1.030879903255139141e+01
-3.522079772079774962e+00,4.715077312414223343e+00
-3.518518518518521709e+00,-4.468111563359116190e-01
-3.514957264957268013e+00,-5.171974618806160606e+00
-3.511396011396014316e+00,-9.315834541492407084e+00
-3.507834757834761064e+00,-1.251694459063469367e+01
-3.504273504273507367e+00,-1.453968523888715936e+01
-3.500712250712253670e+00,-1.502424073745416422e+01
-3.497150997151000418e+00,-1.389587594213719512e+01
-3.493589743589746721e+00,-1.409915553435710933e+01
-3.490028490028493025e+00,-1.418448948082378536e+01
-3.486467236467239772e+00,-1.401246276708688754e+01
-3.482905982905985631e+00,-1.365074466916614426e+01
-3.479344729344732379e+00,-1.331457240235323525e+01
-3.475783475783479126e+00,-1.283626747948282798e+01
-3.472222222222224985e+00,-1.218702289951841067e+01
-3.468660968660971733e+00,-1.142662677781878244e+01
-3.465099715099718036e+00,-1.059910490842085551e+01
-3.461538461538464340e+00,-9.772398331505087299e+00
-3.457977207977211087e+00,-8.975585812268718655e+00
-3.454415954415957390e+00,-8.258943720445287795e+00
-3.450854700854703694e+00,-7.610786197123758257e+00
-3.447293447293450441e+00,-7.100684867448890714e+00
-3.443732193732196745e+00,-6.675373955919255309e+00
-3.440170940170943048e+00,-6.362845171089162477e+00
-3.436609686609689795e+00,-7.061007299983529606e+00
-3.433048433048436099e+00,-7.001219184624716263e+00
-3.429487179487182402e+00,-6.215820760138683454e+00
-3.425925925925929150e+00,-4.890698712459084163e+00
-3.422364672364675453e+00,-3.101131714105946457e+00
-3.418803418803421756e+00,-1.018602950494653214e+00
-3.415242165242168504e+00,1.209319639102801602e+00
-3.411680911680914807e+00,3.435068115414480872e+00
-3.408119658119661111e+00,5.571134418687947232e+00
-3.404558404558407858e+00,7.467232968044058339e+00
-3.400997150997153717e+00,9.054335666659440562e+00
-3.397435897435900465e+00,1.018215693365500840e+01
-3.393874643874647212e+00,1.080476862586868947e+01
-3.390313390313393072e+00,1.077732044563578029e+01
-3.386752136752139819e+00,1.002045725802553022e+01
-3.383190883190886566e+00,1.020580041563779616e+01
-3.379629629629632426e+00,1.040473178128617349e+01
-3.376068376068379173e+00,1.057974790079103400e+01
-3.372507122507125477e+00,1.075340519949226348e+01
-3.368945868945871780e+00,1.075829695438525846e+01
-3.365384615384618527e+00,1.076264518095679534e+01
-3.361823361823364831e+00,1.088303670415656654e+01
-3.358262108262111134e+00,1.108658806053720980e+01
-3.354700854700857882e+00,1.145781790408322820e+01
-3.351139601139604185e+00,1.199536741399096229e+01
-3.347578347578350488e+00,1.267477781579552243e+01
-3.344017094017097236e+00,1.349007029796096901e+01
-3.340455840455843539e+00,1.433009331875207693e+01
-3.336894586894589843e+00,1.505271422211141896e+01
-3.333333333333336590e+00,1.580441389066797342e+01
-3.329772079772082893e+00,1.667460273329919573e+01
-3.326210826210829197e+00,1.764099608882598602e+01
-3.322649572649575500e+00,1.867668930533682214e+01
-3.319088319088322248e+00,1.965042029320309780e+01
-3.315527065527068551e+00,2.076166394639457735e+01
-3.311965811965814854e+00,2.191421575201582073e+01
-3.308404558404561602e+00,2.302437234856445514e+01
-3.304843304843307905e+00,2.410055842502285373e+01
-3.301282051282054208e+00,2.506042944069230316e+01
-3.297720797720800956e+00,2.585452431832145237e+01
-3.294159544159547259e+00,2.634261275097780697e+01
-3.290598290598293563e+00,2.647659248221367534e+01
-3.287037037037040310e+00,2.632440455220948650e+01
-3.283475783475786614e+00,2.597600289816408292e+01
-3.279914529914532917e+00,2.546562980432854317e+01
-3.276353276353279220e+00,2.499928250452988721e+01
-3.272792022792025968e+00,2.432041563104677095e+01
-3.269230769230772271e+00,2.343908445782592764e+01
-3.265669515669518574e+00,2.252731569860424088e+01
-3.262108262108265322e+00,2.130519226783823683e+01
-3.258547008547011625e+00,1.989093157544189694e+01
-3.254985754985757929e+00,1.834269115180971710e+01
-3.251424501424504676e+00,1.677868840685565033e+01
-3.247863247863250979e+00,1.527284319229607945e+01
-3.244301994301997283e+00,1.385206016004244134e+01
-3.240740740740743586e+00,1.265792843783074773e+01
-3.237179487179490334e+00,1.170104682792924677e+01
-3.233618233618236637e+00,1.094037894206887529e+01
-3.230056980056982940e+00,1.048571750118126999e+01
-3.226495726495729688e+00,1.039549179982164162e+01
-3.222934472934475991e+00,1.040853647953628069e+01
-3.219373219373222295e+00,1.059279258050565886e+01
-3.215811965811969042e+00,1.093820482878311395e+01
-3.212250712250715345e+00,1.111159036332362859e+01
-3.208689458689461649e+00,1.131405466306136987e+01
-3.205128205128208396e+00,1.149042960336983299e+01
-3.201566951566954700e+00,1.166327160958890374e+01
-3.198005698005701003e+00,1.185241946545129110e+01
-3.194444444444447306e+00,1.201493443356295643e+01
-3.190883190883194054e+00,1.220951757263975423e+01
-3.187321937321940357e+00,1.239323014528770273e+01
-3.183760683760686661e+00,1.256471333070319929e+01
-3.180199430199433408e+00,1.272260830808254184e+01
-3.176638176638179711e+00,1.288675386115852461e+01
-3.173076923076926015e+00,1.305850881073469338e+01
-3.169515669515672762e+00,1.320036970263150522e+01
-3.165954415954419066e+00,1.331641299925968269e+01
-3.162393162393165369e+00,1.341071516303016153e+01
-3.158831908831912116e+00,1.350855026089001854e+01
-3.155270655270658420e+00,1.357513248026690178e+01
-3.151709401709404723e+00,1.363845352971507907e+01
-3.148148148148151027e+00,1.370802515485986817e+01
-3.144586894586897774e+00,1.375449682634328497e+01
-3.141025641025644077e+00,1.381129553593414983e+01
-3.137464387464390381e+00,1.385178839588171229e+01
-3.133903133903137128e+00,1.389173772750781666e+01
-3.130341880341883432e+00,1.392842588920524349e+01
-3.126780626780629735e+00,1.396185288097402122e+01
-3.123219373219376482e+00,1.397435403236723062e+01
-3.119658119658122786e+00,1.392978471000884610e+01
-3.116096866096869089e+00,1.385477780164964656e+01
-3.112535612535615392e+00,1.375748623211121924e+01
-3.108974358974362140e+00,1.364878056782249871e+01
-3.105413105413108443e+00,1.352186670476542929e+01
-3.101851851851854747e+00,1.335147057599284892e+01
-3.098290598290601494e+00,1.317509563568438580e+01
-3.094729344729347797e+00,1.297018545850011151e+01
-3.091168091168094101e+00,1.277696114022691631e+01
-3.087606837606840848e+00,1.257558389713206282e+01
-3.084045584045587152e+00,1.240899246660958966e+01
-3.080484330484333455e+00,1.223968339447988285e+01
-3.076923076923080203e+00,1.207173314315377866e+01
-3.073361823361826506e+00,1.190921817504215596e+01
-3.069800569800572809e+00,1.171463503596532973e+01
-3.066239316239319113e+00,1.155212006785369283e+01
-3.062678062678065860e+00,1.138416981652761706e+01
-3.059116809116812163e+00,1.123605834893422184e+01
-3.055555555555558467e+00,1.105180224796481525e+01
-3.051994301994305214e+00,1.083547797603023355e+01
-3.048433048433051518e+00,1.063002427052457222e+01
-3.044871794871797821e+00,1.039440474317873964e+01
-3.041310541310544568e+00,1.016530755569024791e+01
-3.037749287749290872e+00,9.973985586542085002e+00
-3.034188034188037175e+00,9.888651640075451610e+00
-3.030626780626783923e+00,9.873161082914307940e+00
-3.027065527065530226e+00,9.909849244611748986e+00
-3.023504273504276529e+00,1.001991372970408634e+01
-3.019943019943022833e+00,1.016177462160086975e+01
-3.016381766381769580e+00,1.035391188323119138e+01
-3.012820512820515884e+00,1.055202795639739577e+01
-3.009259259259262187e+00,1.073030524583090539e+01
-3.005698005698008934e+00,1.086020851465593751e+01
-3.002136752136755238e+00,1.095206480097991175e+01
-2.998575498575501541e+00,1.099500353837395039e+01
-2.995014245014248289e+00,1.097815416040920411e+01
-2.991452991452994592e+00,1.095342362178352857e+01
-2.987891737891740895e+00,1.093575895133660936e+01
-2.984330484330487199e+00,1.092434485658630194e+01
-2.980769230769233946e+00,1.090070137460351418e+01
-2.977207977207980250e+00,1.086754614699545129e+01
-2.973646723646726553e+00,1.082759681536934693e+01
-2.970085470085473300e+00,1.076237341679609472e+01
-2.966524216524219604e+00,1.071345586786617332e+01
-2.962962962962965907e+00,1.065964656404322852e+01
-2.959401709401712655e+00,1.063980778031053376e+01
-2.955840455840458958e+00,1.063002427052455801e+01
-2.952279202279205261e+00,1.066644066806128421e+01
-2.948717948717952009e+00,1.074362168970630194e+01
-2.945156695156698312e+00,1.085613205224511546e+01
-2.941595441595444616e+00,1.099853647246335697e+01
-2.938034188034190919e+00,1.110262214601982578e+01
-2.934472934472937666e+00,1.119909842307603753e+01
-2.930911680911683970e+00,1.131595701218641636e+01
-2.927350427350430273e+00,1.135481928716966138e+01
-2.923789173789177021e+00,1.141515093084990440e+01
-2.920227920227923324e+00,1.150782250965600895e+01
-2.916666666666669627e+00,1.167984922339296361e+01
-2.913105413105416375e+00,1.178556548191372144e+01
-2.909544159544162678e+00,1.194862397834680223e+01
-2.905982905982908981e+00,1.237692429564438612e+01
-2.902421652421655729e+00,1.297752309083962530e+01
-2.898860398860402032e+00,1.365638996432269892e+01
-2.895299145299148336e+00,1.472170547435221977e+01
-2.891737891737894639e+00,1.604791457867466420e+01
-2.888176638176641386e+00,1.764860548532620044e+01
-2.884615384615387690e+00,1.963656032100627158e+01
-2.881054131054133993e+00,2.179627010626253991e+01
-2.877492877492880741e+00,2.409023138691541988e+01
-2.873931623931627044e+00,2.678422951215078740e+01
-2.870370370370373347e+00,2.970352012662451102e+01
-2.866809116809120095e+00,3.266873888426026440e+01
-2.863247863247866398e+00,3.553748136483974918e+01
-2.859686609686612702e+00,3.801569874646200731e+01
-2.856125356125359005e+00,4.057734772542583812e+01
-2.852564102564105752e+00,4.300121227490370757e+01
-2.849002849002852056e+00,4.527913947007398576e+01
-2.845441595441598359e+00,4.758397131715571504e+01
-2.841880341880345107e+00,4.960127668219375607e+01
-2.838319088319091410e+00,5.106581374432362708e+01
-2.834757834757837713e+00,5.258905186516940944e+01
-2.831196581196584461e+00,5.403266308692369080e+01
-2.827635327635330764e+00,5.556188001930536302e+01
-2.824074074074077068e+00,5.719953085181501962e+01
-2.820512820512823815e+00,5.882468053293148813e+01
-2.816951566951570118e+00,6.034819041793799244e+01
-2.813390313390316422e+00,6.166515954079591211e+01
-2.809829059829062725e+00,6.273427974907554727e+01
-2.806267806267809473e+00,6.407951234464852064e+01
-2.802706552706555776e+00,6.541251555298904918e+01
-2.799145299145302079e+00,6.658816731227160801e+01
-2.795584045584048827e+00,6.753037365749415244e+01
-2.792022792022795130e+00,6.816929119935115011e+01
-2.788461538461541434e+00,6.838045195223199357e+01
-2.784900284900288181e+00,6.879326171236843379e+01
-2.781339031339034484e+00,6.908432112850150020e+01
-2.777777777777780788e+00,6.921748556725518142e+01
-2.774216524216527535e+00,6.916476332007516703e+01
-2.770655270655273839e+00,6.904953531592910565e+01
-2.767094017094020142e+00,6.882043812844062813e+01
-2.763532763532766445e+00,6.851551874011074972e+01
-2.759971509971513193e+00,6.828261685437215078e+01
-2.756410256410259496e+00,6.805324790272293001e+01
-2.752849002849005799e+00,6.782523777187732605e+01
-2.749287749287752547e+00,6.759641234854956338e+01
-2.745726495726498850e+00,6.733986698082816247e+01
-2.742165242165245154e+00,6.712136859560783364e+01
-2.738603988603991901e+00,6.701510880876558929e+01
-2.735042735042738204e+00,6.712761917130441702e+01
-2.731481481481484508e+00,6.739829627538335899e+01
-2.727920227920230811e+00,6.780621428062679001e+01
-2.724358974358977559e+00,6.831006503460504575e+01
-2.720797720797723862e+00,6.895604844464081395e+01
-2.717236467236470165e+00,6.961996828928420200e+01
-2.713675213675216913e+00,7.026105994442696101e+01
-2.710113960113963216e+00,7.055646758713157851e+01
-2.706552706552709520e+00,7.047113364066493091e+01
-2.702991452991456267e+00,7.012055787333378021e+01
-2.699430199430202570e+00,6.899817188955267966e+01
-2.695868945868948874e+00,6.717191672950208670e+01
-2.692307692307695621e+00,6.569515028013972824e+01
-2.688746438746441925e+00,6.325742575846505389e+01
-2.685185185185188228e+00,6.006609921910875016e+01
-2.681623931623934531e+00,5.631901497107635635e+01
-2.678062678062681279e+00,5.233957236562679327e+01
-2.674501424501427582e+00,4.838839323289229810e+01
-2.670940170940173886e+00,4.476305932886326389e+01
-2.667378917378920633e+00,4.156901514789977625e+01
-2.663817663817666936e+00,3.889702991968286483e+01
-2.660256410256413240e+00,3.669220728374678231e+01
-2.656695156695159987e+00,3.522250670256319438e+01
-2.653133903133906291e+00,3.480915341410529606e+01
-2.649572649572652594e+00,3.454717276316947050e+01
-2.646011396011399341e+00,3.466919487133355915e+01
-2.642450142450145645e+00,3.513336805784643957e+01
-2.638888888888891948e+00,3.441591067354083577e+01
-2.635327635327638252e+00,3.341391621295947800e+01
-2.631766381766384999e+00,3.211651410967353115e+01
-2.628205128205131302e+00,3.059789597956003604e+01
-2.624643874643877606e+00,2.891567582469200204e+01
-2.621082621082624353e+00,2.721334512193051580e+01
-2.617521367521370657e+00,2.559825071476078051e+01
-2.613960113960116960e+00,2.414159481329183166e+01
-2.610398860398863707e+00,2.300127239490309705e+01
-2.606837606837610011e+00,2.230256673768731446e+01
-2.603276353276356314e+00,2.203841197346569913e+01
-2.599715099715103062e+00,2.292246078829376188e+01
-2.596153846153849365e+00,2.256182974701590638e+01
-2.592592592592595668e+00,2.110272796810048135e+01
-2.589031339031341972e+00,1.880441846087607871e+01
-2.585470085470088719e+00,1.588023609150934590e+01
-2.581908831908835023e+00,1.243644064684247041e+01
-2.578347578347581326e+00,8.693976389542356742e+00
-2.574786324786328073e+00,4.886016969508247598e+00
-2.571225071225074377e+00,1.260683065479227594e+00
-2.567663817663820680e+00,-1.979017494485532325e+00
-2.564102564102567428e+00,-4.635512165541300078e+00
-2.560541310541313731e+00,-6.456603806538197432e+00
-2.556980056980060034e+00,-7.299887997257982875e+00
-2.553418803418806338e+00,-8.410044593806631497e+00
-2.549857549857553085e+00,-7.159114162004115656e+00
-2.546296296296299388e+00,-6.273434762211692828e+00
-2.542735042735045692e+00,-4.584420503325574714e+00
-2.539173789173792439e+00,-2.267902797332851605e+00
-2.535612535612538743e+00,4.948516605651320788e-01
-2.532051282051285046e+00,3.498660929023358790e+00
-2.528490028490031793e+00,6.598402946216410214e+00
-2.524928774928778097e+00,9.567698166262971426e+00
-2.521367521367524400e+00,1.224294456440853196e+01
-2.517806267806271148e+00,1.442167784091536475e+01
-2.514245014245017451e+00,1.594573125424329874e+01
-2.510683760683763754e+00,1.666237334606671538e+01
-2.507122507122510058e+00,1.638544566629121846e+01
-2.503561253561256805e+00,1.489454748057131894e+01
-2.500000000000003109e+00,1.467469027454735908e+01
-2.496438746438749412e+00,1.438825084914657282e+01
-2.492877492877496159e+00,1.407545030015575094e+01
-2.489316239316242463e+00,1.375802976043267734e+01
-2.485754985754988766e+00,1.346044800444229850e+01
-2.482193732193735514e+00,1.316830153166633011e+01
-2.478632478632481817e+00,1.290876675817699493e+01
-2.475071225071228120e+00,1.264624257891972547e+01
-2.471509971509974868e+00,1.242285243880638745e+01
-2.467948717948721171e+00,1.223288929046184137e+01
-2.464387464387467475e+00,1.216494825028139815e+01
-2.460826210826213778e+00,1.219783171372870356e+01
-2.457264957264960525e+00,1.232338675598219879e+01
-2.453703703703706829e+00,1.252612281988066911e+01
-2.450142450142453132e+00,1.280549637710269906e+01
-2.446581196581199880e+00,1.315743096523743816e+01
-2.443019943019946183e+00,1.359633008480318495e+01
-2.439458689458692486e+00,1.403223979860099746e+01
-2.435897435897439234e+00,1.445293071939836693e+01
-2.432336182336185537e+00,1.484073817674834572e+01
-2.428774928774931841e+00,1.517256221698971785e+01
-2.425213675213678144e+00,1.546144751983702292e+01
-2.421652421652424891e+00,1.573891872793400637e+01
-2.418091168091171195e+00,1.599682291645900989e+01
-2.414529914529917498e+00,1.627048942630584349e+01
-2.410968660968664246e+00,1.655638532338520008e+01
-2.407407407407410549e+00,1.691457048721656520e+01
-2.403846153846156852e+00,1.730618264281669383e+01
-2.400284900284903600e+00,1.769589244929179017e+01
-2.396723646723649903e+00,1.805108820735519259e+01
-2.393162393162396206e+00,1.838345577591799440e+01
-2.389601139601142954e+00,1.860575885938841623e+01
-2.386039886039889257e+00,1.875631620442831604e+01
-2.382478632478635561e+00,1.887888184091386279e+01
-2.378917378917381864e+00,1.892372292743296214e+01
-2.375356125356128612e+00,1.893323467305820884e+01
-2.371794871794874915e+00,1.881664784810855906e+01
-2.368233618233621218e+00,1.855140602724408438e+01
-2.364672364672367966e+00,1.818044794785876661e+01
-2.361111111111114269e+00,1.777252994261533559e+01
-2.357549857549860572e+00,1.732058614333497815e+01
-2.353988603988607320e+00,1.686266353251869532e+01
-2.350427350427353623e+00,1.639794681768439943e+01
-2.346866096866099927e+00,1.594681831088621493e+01
-2.343304843304846674e+00,1.552966032417820941e+01
-2.339743589743592977e+00,1.645990904632897411e+01
-2.336182336182339281e+00,1.645094082902517130e+01
-2.332621082621085584e+00,1.555112969287522162e+01
-2.329059829059832332e+00,1.391048945459760944e+01
-2.325498575498578635e+00,1.169479625223263497e+01
-2.321937321937324938e+00,9.001613419479426170e+00
-2.318376068376071686e+00,6.084768682452178723e+00
-2.314814814814817989e+00,3.111396999994795465e+00
-2.311253561253564293e+00,2.459156893439597980e-01
-2.307692307692311040e+00,-2.349975573870821677e+00
-2.304131054131057343e+00,-4.475714839036868398e+00
-2.300569800569803647e+00,-5.993517676668218996e+00
-2.297008547008549950e+00,-6.726737382295681300e+00
-2.293447293447296698e+00,-6.543840102129891534e+00
-2.289886039886043001e+00,-5.174692260413394251e+00
-2.286324786324789304e+00,-5.031472547712994015e+00
-2.282763532763536052e+00,-4.906189269620242044e+00
-2.279202279202282355e+00,-4.784982453938297908e+00
-2.275641025641028659e+00,-4.676005025488862543e+00
-2.272079772079775406e+00,-4.608607513629848995e+00
-2.268518518518521709e+00,-5.612776087496953892e+00
-2.264957264957268013e+00,-5.697022977320699511e+00
-2.261396011396014760e+00,-5.010818471498126314e+00
-2.257834757834761064e+00,-3.703632858426189500e+00
-2.254273504273507367e+00,-1.924936426501901110e+00
-2.250712250712253670e+00,1.758005358777410265e-01
-2.247150997151000418e+00,2.449107740315724868e+00
-2.243589743589746721e+00,4.787094815005517034e+00
-2.240028490028493025e+00,7.083773737265573800e+00
-2.236467236467239772e+00,9.194294209431205900e+00
-2.232905982905986075e+00,1.097462122631981174e+01
-2.229344729344732379e+00,1.223913986615843896e+01
-2.225783475783479126e+00,1.286229508669356392e+01
-2.222222222222225430e+00,1.269733424113539400e+01
-2.218660968660971733e+00,1.163908459928465788e+01
-2.215099715099718480e+00,1.168446921412518691e+01
-2.211538461538464784e+00,1.172849500816212753e+01
-2.207977207977211087e+00,1.176844433978823190e+01
-2.204415954415957390e+00,1.180159956739630900e+01
-2.200854700854704138e+00,1.182524304937909676e+01
-2.197293447293450441e+00,1.185785474866571576e+01
-2.193732193732196745e+00,1.187905235320204156e+01
-2.190170940170943492e+00,1.184997358800480072e+01
-2.186609686609689795e+00,1.183611361580797450e+01
-2.183048433048436099e+00,1.178284784030651622e+01
-2.179487179487182846e+00,1.169832918632204155e+01
-2.175925925925929150e+00,1.159071057867618038e+01
-2.172364672364675453e+00,1.144694733765435046e+01
-2.168803418803421756e+00,1.131405466306138408e+01
-2.165242165242168504e+00,1.119746783811172008e+01
-2.161680911680914807e+00,1.110262214601981157e+01
-2.158119658119661111e+00,1.103495287000006897e+01
-2.154558404558407858e+00,1.099989529326694537e+01
-2.150997150997154161e+00,1.100288469903489386e+01
-2.147435897435900465e+00,1.107055397505462224e+01
-2.143874643874647212e+00,1.112789621296693099e+01
-2.140313390313393516e+00,1.115996438393210610e+01
-2.136752136752139819e+00,1.119067373409366439e+01
-2.133190883190886566e+00,1.118116198846840348e+01
-2.129629629629632870e+00,1.115262675159260652e+01
-2.126068376068379173e+00,1.110506802346628774e+01
-2.122507122507125477e+00,1.103848580408944713e+01
-2.118945868945872224e+00,1.099446001005252072e+01
-2.115384615384618527e+00,1.095451067842641635e+01
-2.111823361823364831e+00,1.092135545081833925e+01
-2.108262108262111578e+00,1.089771196883555149e+01
-2.104700854700857882e+00,1.088629787408522986e+01
-2.101139601139604185e+00,1.088983080817460802e+01
-2.097578347578350932e+00,1.091102841271091961e+01
-2.094017094017097236e+00,1.091102841271091961e+01
-2.090455840455843539e+00,1.091102841271091961e+01
-2.086894586894590287e+00,1.091102841271091961e+01
-2.083333333333336590e+00,1.091102841271091961e+01
-2.079772079772082893e+00,1.093222601724723120e+01
-2.076210826210829197e+00,1.093575895133660936e+01
-2.072649572649575944e+00,1.096674006565889670e+01
-2.069088319088322248e+00,1.097136005639117684e+01
-2.065527065527068551e+00,1.091890957337184886e+01
-2.061965811965815298e+00,1.082025918302980472e+01
-2.058404558404561602e+00,1.068627945179397898e+01
-2.054843304843307905e+00,1.052784094609314991e+01
-2.051282051282054653e+00,1.035581423235625209e+01
-2.047720797720800956e+00,9.651129763604572531e+00
-2.044159544159547259e+00,9.375017376311205908e+00
-2.040598290598293563e+00,9.488071267171491741e+00
-2.037037037037040310e+00,9.609006318692678406e+00
-2.033475783475786614e+00,1.031477784408724574e+01
-2.029914529914532917e+00,1.151434484951333559e+01
-2.026353276353279664e+00,1.307236878293151960e+01
-2.022792022792025968e+00,1.459288926217010385e+01
-2.019230769230772271e+00,1.647376901852575770e+01
-2.015669515669519019e+00,1.856499423528016735e+01
-2.012108262108265322e+00,2.039233645197363387e+01
-2.008547008547011625e+00,2.235501722070659980e+01
-2.004985754985758373e+00,2.432204621601110262e+01
-2.001424501424504676e+00,2.596431703925304646e+01
-1.997863247863250979e+00,2.738618712814961498e+01
-1.994301994301997283e+00,2.937223961470462541e+01
-1.990740740740744030e+00,3.125936994675691949e+01
-1.987179487179490334e+00,3.275706223649483206e+01
-1.983618233618236637e+00,3.469120776835202946e+01
-1.980056980056983384e+00,3.643403133106102132e+01
-1.976495726495729688e+00,3.833257575786365123e+01
-1.972934472934475991e+00,4.015448269134267889e+01
-1.969373219373222739e+00,4.191225328289138474e+01
-1.965811965811969042e+00,4.375889075499613057e+01
-1.962250712250715345e+00,4.551856369566991134e+01
-1.958689458689462093e+00,4.757554662817332769e+01
-1.955128205128208396e+00,4.944609934642160454e+01
-1.951566951566954700e+00,5.134328495242058921e+01
-1.948005698005701003e+00,5.346331717021148222e+01
-1.944444444444447750e+00,5.546540374224911574e+01
-1.940883190883194054e+00,5.724654605161989451e+01
-1.937321937321940357e+00,5.867222083876654182e+01
-1.933760683760687105e+00,5.997179705533827843e+01
-1.930199430199433408e+00,6.090421989077483289e+01
-1.926638176638179711e+00,6.169396654183242390e+01
-1.923076923076926459e+00,6.228804299717030091e+01
-1.919515669515672762e+00,6.255600245964203054e+01
-1.915954415954419066e+00,6.309463902619265951e+01
-1.912393162393165369e+00,6.356288867511635488e+01
-1.908831908831912116e+00,6.388112450732160852e+01
-1.905270655270658420e+00,6.413957222416806303e+01
-1.901709401709404723e+00,6.462793242098514668e+01
-1.898148148148151471e+00,6.512471730678464610e+01
-1.894586894586897774e+00,6.558427050256523216e+01
-1.891025641025644077e+00,6.600686377248764813e+01
-1.887464387464390825e+00,6.631857726483558224e+01
-1.883903133903137128e+00,6.632999135958588965e+01
-1.880341880341883432e+00,6.603838841513139357e+01
-1.876780626780630179e+00,6.550301301850940661e+01
-1.873219373219376482e+00,6.507607152201543954e+01
-1.869658119658122786e+00,6.460890892973463906e+01
-1.866096866096869089e+00,6.414093104497166564e+01
-1.862535612535615837e+00,6.372920834147811320e+01
-1.858974358974362140e+00,6.342809365139833488e+01
-1.855413105413108443e+00,6.329003745775165868e+01
-1.851851851851855191e+00,6.328433041037649787e+01
-1.848290598290601494e+00,6.344113833111298106e+01
-1.844729344729347797e+00,6.377296237135432477e+01
-1.841168091168094545e+00,6.434448240135230890e+01
-1.837606837606840848e+00,6.478582739836451765e+01
-1.834045584045587152e+00,6.485730137263436745e+01
-1.830484330484333899e+00,6.466842528093269493e+01
-1.826923076923080203e+00,6.421322031172365996e+01
-1.823361823361826506e+00,6.360528388418896384e+01
-1.819800569800572809e+00,6.267421986955601909e+01
-1.816239316239319557e+00,6.143497529666455392e+01
-1.812678062678065860e+00,5.985792787199583387e+01
-1.809116809116812163e+00,5.834501678925748536e+01
-1.805555555555558911e+00,5.654947097936845068e+01
-1.801994301994305214e+00,5.457510435172445540e+01
-1.798433048433051518e+00,5.253660138215010988e+01
-1.794871794871798265e+00,5.057881236831015315e+01
-1.791310541310544568e+00,4.960263550299737290e+01
-1.787749287749290872e+00,4.776360742739284149e+01
-1.784188034188037175e+00,4.528511828160986852e+01
-1.780626780626783923e+00,4.242778989578069115e+01
-1.777065527065530226e+00,3.937451955007111337e+01
-1.773504273504276529e+00,3.614922249062458093e+01
-1.769943019943023277e+00,3.288071492962330922e+01
-1.766381766381769580e+00,2.940974306888425360e+01
-1.762820512820515884e+00,2.591485596200170960e+01
-1.759259259259262631e+00,2.272461647928827233e+01
-1.755698005698008934e+00,1.959688275354091047e+01
-1.752136752136755238e+00,1.696049863037858074e+01
-1.748575498575501985e+00,1.500026373909210520e+01
-1.745014245014248289e+00,1.393168705913392103e+01
-1.741452991452994592e+00,1.379498968629084743e+01
-1.737891737891740895e+00,1.299056777055426437e+01
-1.734330484330487643e+00,1.246388882707537960e+01
-1.730769230769233946e+00,1.225381513083739549e+01
-1.727207977207980250e+00,1.232284322766075491e+01
-1.723646723646726997e+00,1.257639918961420733e+01
-1.720085470085473300e+00,1.302644063976956090e+01
-1.716524216524219604e+00,1.327782248843722357e+01
-1.712962962962966351e+00,1.352974786542635854e+01
-1.709401709401712655e+00,1.380830613016621555e+01
-1.705840455840458958e+00,1.405832915803028982e+01
-1.702279202279205705e+00,1.426622874098245575e+01
-1.698717948717952009e+00,1.441841667098668722e+01
-1.695156695156698312e+00,1.448010713547053285e+01
-1.691595441595444616e+00,1.447657420138115469e+01
-1.688034188034191363e+00,1.443309193566565796e+01
-1.684472934472937666e+00,1.437683675439626541e+01
-1.680911680911683970e+00,1.433770271525231976e+01
-1.677350427350430717e+00,1.432791920546632980e+01
-1.673789173789177021e+00,1.438363085841432110e+01
-1.670227920227923324e+00,1.446325775750580078e+01
-1.666666666666670071e+00,1.454913523229390648e+01
-1.663105413105416375e+00,1.462631625393888157e+01
-1.659544159544162678e+00,1.468257143520828834e+01
-1.655982905982909426e+00,1.466680911388642983e+01
-1.652421652421655729e+00,1.459071514888432830e+01
-1.648860398860402032e+00,1.442629783164761648e+01
-1.645299145299148336e+00,1.418714537021240574e+01
-1.641737891737895083e+00,1.390722828466897454e+01
-1.638176638176641386e+00,1.362051709510744502e+01
-1.634615384615387690e+00,1.331940240502765960e+01
-1.631054131054134437e+00,1.309791461403939650e+01
-1.627492877492880741e+00,1.294844432564238446e+01
-1.623931623931627044e+00,1.288457974787277749e+01
-1.620370370370373792e+00,1.287832917217615147e+01
-1.616809116809120095e+00,1.302616887560884607e+01
-1.613247863247866398e+00,1.314275570055845321e+01
-1.609686609686612702e+00,1.318786855123832424e+01
-1.606125356125359449e+00,1.318134621138098339e+01
-1.602564102564105752e+00,1.310144754812877466e+01
-1.599002849002852056e+00,1.290523382408760256e+01
-1.595441595441598803e+00,1.263020849343713792e+01
-1.591880341880345107e+00,1.227147980128434313e+01
-1.588319088319091410e+00,1.190459818430989003e+01
-1.584757834757838157e+00,1.152113895353140549e+01
-1.581196581196584461e+00,1.125399478354185590e+01
-1.577635327635330764e+00,1.109283863623382160e+01
-1.574074074074077512e+00,1.104854107803618035e+01
-1.570512820512823815e+00,1.113197267537775303e+01
-1.566951566951570118e+00,1.135400399468747423e+01
-1.563390313390316422e+00,1.151760601944199891e+01
-1.559829059829063169e+00,1.168446921412520112e+01
-1.556267806267809473e+00,1.184915829552261357e+01
-1.552706552706555776e+00,1.196112512973999742e+01
-1.549145299145302523e+00,1.202444617918818892e+01
-1.545584045584048827e+00,1.207662489804678785e+01
-1.542022792022795130e+00,1.212853185274464352e+01
-1.538461538461541878e+00,1.224837984762298504e+01
-1.534900284900288181e+00,1.244160416589620866e+01
-1.531339031339034484e+00,1.275522000736914663e+01
-1.527777777777781232e+00,1.315580038027312071e+01
-1.524216524216527535e+00,1.361073358532142663e+01
-1.520655270655273839e+00,1.408740792322750224e+01
-1.517094017094020142e+00,1.455321169470467169e+01
-1.513532763532766889e+00,1.497553320046638703e+01
-1.509971509971513193e+00,1.532176074122600085e+01
-1.506410256410259496e+00,1.555928261769685150e+01
-1.502849002849006244e+00,1.569706704718282708e+01
-1.499287749287752547e+00,1.576718220064906006e+01
-1.495726495726498850e+00,1.578593392773885284e+01
-1.492165242165245598e+00,1.577506336130998932e+01
-1.488603988603991901e+00,1.578294452197091857e+01
-1.485042735042738204e+00,1.576174691743460698e+01
-1.481481481481484508e+00,1.575033282268429957e+01
-1.477920227920231255e+00,1.575141987932718735e+01
-1.474358974358977559e+00,1.573158109559450679e+01
-1.470797720797723862e+00,1.566010712132467120e+01
-1.467236467236470610e+00,1.556906612748286989e+01
-1.463675213675216913e+00,1.543046640551473558e+01
-1.460113960113963216e+00,1.525789616345639388e+01
-1.456552706552709964e+00,1.506494360934388510e+01
-1.452991452991456267e+00,1.488639455574964643e+01
-1.449430199430202570e+00,1.469697493572653002e+01
-1.445868945868949318e+00,1.453418820345417828e+01
-1.442307692307695621e+00,1.439667553812894596e+01
-1.438746438746441925e+00,1.426459815601815251e+01
-1.435185185185188228e+00,1.413931487792538633e+01
-1.431623931623934975e+00,1.402218452465430687e+01
-1.428062678062681279e+00,1.389336831247214832e+01
-1.424501424501427582e+00,1.375150742057533648e+01
-1.420940170940174330e+00,1.357132778201680878e+01
-1.417378917378920633e+00,1.342647748435207689e+01
-1.413817663817666936e+00,1.328624717741961092e+01
-1.410256410256413684e+00,1.317998739057739499e+01
-1.406695156695159987e+00,1.309465344411073318e+01
-1.403133903133906291e+00,1.307726053782451459e+01
-1.399572649572653038e+00,1.309166403834275627e+01
-1.396011396011399341e+00,1.316177919180897504e+01
-1.392450142450145645e+00,1.324874372323996852e+01
-1.388888888888891948e+00,1.333217532058156962e+01
-1.385327635327638696e+00,1.345175155129916789e+01
-1.381766381766384999e+00,1.352431258221189125e+01
-1.378205128205131302e+00,1.356833837624884609e+01
-1.374643874643878050e+00,1.360230889633906770e+01
-1.371082621082624353e+00,1.358464422589216269e+01
-1.367521367521370657e+00,1.357812188603486447e+01
-1.363960113960117404e+00,1.354659724339110483e+01
-1.360398860398863263e+00,1.347784091072847446e+01
-1.356837606837610011e+00,1.334114353788542928e+01
-1.353276353276356758e+00,1.321015321241749518e+01
-1.349715099715102617e+00,1.303839826284129799e+01
-1.346153846153849365e+00,1.284218453880012589e+01
-1.342592592592596112e+00,1.265901549447364971e+01
-1.339031339031341972e+00,1.246633470452186998e+01
-1.335470085470088719e+00,1.228316566019536538e+01
-1.331908831908835467e+00,1.208695193615422170e+01
-1.328347578347581326e+00,1.191519698657802451e+01
-1.324786324786328073e+00,1.178420666111014725e+01
-1.321225071225074821e+00,1.166870689280335682e+01
-1.317663817663820680e+00,1.162468109876643041e+01
-1.314102564102567428e+00,1.158527529546174151e+01
-1.310541310541314175e+00,1.154369537887130548e+01
-1.306980056980060034e+00,1.151162720790615879e+01
-1.303418803418806782e+00,1.147955903694095525e+01
-1.299857549857553529e+00,1.141678151581422185e+01
-1.296296296296299388e+00,1.135264517388387162e+01
-1.292735042735046136e+00,1.131650054050787446e+01
-1.289173789173791995e+00,1.123605834893420763e+01
-1.285612535612538743e+00,1.116186673305715260e+01
-1.282051282051285490e+00,1.106321634271513688e+01
-1.278490028490031349e+00,1.095097774433702398e+01
-1.274928774928778097e+00,1.083602150435170586e+01
-1.271367521367524844e+00,1.070802058465170603e+01
-1.267806267806270704e+00,1.061670782664918988e+01
-1.264245014245017451e+00,1.052865623857532285e+01
-1.260683760683764199e+00,1.047049870818085537e+01
-1.257122507122510058e+00,1.044767051868022634e+01
-1.253561253561256805e+00,1.042402703669745279e+01
-1.250000000000003553e+00,1.042348350837598048e+01
-1.246438746438749412e+00,1.044875757532311411e+01
-1.242877492877496159e+00,1.050256687914604470e+01
-1.239316239316242907e+00,1.054604914486152722e+01
-1.235754985754988766e+00,1.060040197700590170e+01
-1.232193732193735514e+00,1.060284785445239208e+01
-1.228632478632482261e+00,1.061072901511333555e+01
-1.225071225071228120e+00,1.059741257123795322e+01
-1.221509971509974868e+00,1.059632551459503702e+01
-1.217948717948721615e+00,1.064089483695342153e+01
-1.214387464387467475e+00,1.070448765056234208e+01
-1.210826210826214222e+00,1.078166867220733138e+01
-1.207264957264960969e+00,1.086700261867399320e+01
-1.203703703703706829e+00,1.095505420674786023e+01
-1.200142450142453576e+00,1.104038815321450784e+01
-1.196581196581199436e+00,1.111756917485949714e+01
-1.193019943019946183e+00,1.118116198846840348e+01
-1.189458689458692930e+00,1.122573131082678799e+01
-1.185897435897438790e+00,1.124584185872019759e+01
-1.182336182336185537e+00,1.121486074439791025e+01
-1.178774928774932285e+00,1.120779487621915393e+01
-1.175213675213678144e+00,1.117681376189688081e+01
-1.171652421652424891e+00,1.117572670525395040e+01
-1.168091168091171639e+00,1.119556548898665937e+01
-1.164529914529917498e+00,1.122464425418391443e+01
-1.160968660968664246e+00,1.130861937984694521e+01
-1.157407407407410993e+00,1.140645447770680221e+01
-1.153846153846156852e+00,1.150972485878106966e+01
-1.150284900284903600e+00,1.159478704108701663e+01
-1.146723646723650347e+00,1.180105603907486511e+01
-1.143162393162396206e+00,1.226821863135567980e+01
-1.139601139601142954e+00,1.287044801151522222e+01
-1.136039886039889701e+00,1.361671239685733781e+01
-1.132478632478635561e+00,1.489590630137490734e+01
-1.128917378917382308e+00,1.658899702267183329e+01
-1.125356125356129056e+00,1.850167318583194742e+01
-1.121794871794874915e+00,2.075024985164428415e+01
-1.118233618233621662e+00,2.302301352776083831e+01
-1.114672364672367522e+00,2.528626545825213157e+01
-1.111111111111114269e+00,2.792862839295032984e+01
-1.107549857549861017e+00,3.067263112375854917e+01
-1.103988603988606876e+00,3.331771170006393845e+01
-1.100427350427353623e+00,3.577826441123927736e+01
-1.096866096866100371e+00,3.808282449416027760e+01
-1.093304843304846230e+00,4.046130442879761802e+01
-1.089743589743592977e+00,4.276070099266490843e+01
-1.086182336182339725e+00,4.502368115899548684e+01
-1.082621082621085584e+00,4.739183405552539341e+01
-1.079059829059832332e+00,4.961540841855129003e+01
-1.075498575498579079e+00,5.161858204723180421e+01
-1.071937321937324938e+00,5.343641251830003114e+01
-1.068376068376071686e+00,5.486915317362543476e+01
-1.064814814814818433e+00,5.619998226868018776e+01
-1.061253561253564293e+00,5.744004213405383297e+01
-1.057692307692311040e+00,5.867194907460581987e+01
-1.054131054131057788e+00,5.983890438074531204e+01
-1.050569800569803647e+00,6.095150685474041552e+01
-1.047008547008550394e+00,6.207470813100368900e+01
-1.043447293447297142e+00,6.335634791296777024e+01
-1.039886039886043001e+00,6.461950773200277354e+01
-1.036324786324789748e+00,6.574298077242676186e+01
-1.032763532763535608e+00,6.673655054402573228e+01
-1.029202279202282355e+00,6.768283335165909875e+01
-1.025641025641029103e+00,6.841197659487573901e+01
-1.022079772079774962e+00,6.890713089571087835e+01
-1.018518518518521709e+00,6.913840219648513141e+01
-1.014957264957268457e+00,6.912562928093120718e+01
-1.011396011396014316e+00,6.883674397808393053e+01
-1.007834757834761064e+00,6.876798764542131437e+01
-1.004273504273507811e+00,6.868265369895465255e+01
-1.000712250712253670e+00,6.854378221282581762e+01
-9.971509971510004178e-01,6.837990842391056390e+01
-9.935897435897471652e-01,6.818070529410147174e+01
-9.900284900284930245e-01,6.799862330641785491e+01
-9.864672364672397720e-01,6.782605306435949899e+01
-9.829059829059865194e-01,6.767658277596250116e+01
-9.793447293447323787e-01,6.783936950823486711e+01
-9.757834757834791262e-01,6.778121197784039964e+01
-9.722222222222258736e-01,6.756950769663811229e+01
-9.686609686609717329e-01,6.723007425989655417e+01
-9.650997150997184804e-01,6.678872926288431700e+01
-9.615384615384652278e-01,6.627129030086999251e+01
-9.579772079772110871e-01,6.574597017819471034e+01
-9.544159544159578346e-01,6.537283798552365965e+01
-9.508547008547045820e-01,6.483773435306238753e+01
-9.472934472934504413e-01,6.429447779577949973e+01
-9.437321937321971888e-01,6.350500290888261645e+01
-9.401709401709430480e-01,6.250925902399788470e+01
-9.366096866096897955e-01,6.139421067255626951e+01
-9.330484330484365429e-01,6.118495226880046545e+01
-9.294871794871824022e-01,6.033297162493757781e+01
-9.259259259259291497e-01,5.855237284388823582e+01
-9.223646723646758971e-01,5.630216559311158164e+01
-9.188034188034217564e-01,5.342635724435333344e+01
-9.152421652421685039e-01,5.033069168957112538e+01
-9.116809116809152513e-01,4.675536239111491454e+01
-9.081196581196611106e-01,4.299550522752856807e+01
-9.045584045584078581e-01,4.072518742885853271e+01
-9.009971509971546055e-01,3.699631137959450200e+01
-8.974358974359004648e-01,3.226190793565969273e+01
-8.938746438746472123e-01,2.665948976237947932e+01
-8.903133903133939597e-01,2.082743087328930187e+01
-8.867521367521398190e-01,1.523452444563430674e+01
-8.831908831908865665e-01,1.041234117778638790e+01
-8.796296296296333139e-01,4.985210888171721422e+00
-8.760683760683791732e-01,3.720081390960672252e-02
-8.725071225071259207e-01,-4.290371681424574035e+00
-8.689458689458726681e-01,-7.962177256937025049e+00
-8.653846153846185274e-01,-1.054230619882997644e+01
-8.618233618233652749e-01,-1.227969447832455785e+01
-8.582621082621111341e-01,-1.271968065453317820e+01
-8.547008547008578816e-01,-1.178617076245375017e+01
-8.511396011396046291e-01,-1.230469678111096243e+01
-8.475783475783504883e-01,-1.260499617870860334e+01
-8.440170940170972358e-01,-1.262945495317352140e+01
-8.404558404558439832e-01,-1.237725781202370001e+01
-8.368945868945898425e-01,-1.192205284281466504e+01
-8.333333333333365900e-01,-1.131302935863706693e+01
-8.297720797720833374e-01,-1.051594507523998345e+01
-8.262108262108291967e-01,-1.067547063758367187e+01
-8.226495726495759442e-01,-9.842513484971306070e+00
-8.190883190883226916e-01,-8.213287341444015510e+00
-8.155270655270685509e-01,-5.962808326506674916e+00
-8.119658119658152984e-01,-3.301421900557912181e+00
-8.084045584045620458e-01,-5.965532088936811306e-01
-8.048433048433079051e-01,2.033852102732794265e+00
-8.012820512820546526e-01,4.518048295890906729e+00
-7.977207977208014000e-01,6.835109530205102146e+00
-7.941595441595472593e-01,8.810563214491978101e+00
-7.905982905982940068e-01,1.027428498413969749e+01
-7.870370370370407542e-01,1.115779027064633055e+01
-7.834757834757866135e-01,1.143417442210039781e+01
-7.799145299145333610e-01,1.114393029844953276e+01
-7.763532763532801084e-01,1.011122648770661669e+01
-7.727920227920259677e-01,1.030635315510487260e+01
-7.692307692307727152e-01,1.063736190286405758e+01
-7.656695156695185744e-01,1.109338216455526549e+01
-7.621082621082653219e-01,1.158038354056874653e+01
-7.585470085470120694e-01,1.193693811943576577e+01
-7.549857549857579286e-01,1.225952217821257761e+01
-7.514245014245046761e-01,1.251824165921975407e+01
-7.478632478632514236e-01,1.266200490024158398e+01
-7.443019943019972828e-01,1.274054474269020432e+01
-7.407407407407440303e-01,1.280359402797765256e+01
-7.371794871794907777e-01,1.288322092706914646e+01
-7.336182336182366370e-01,1.299573128960797419e+01
-7.300569800569833845e-01,1.314248393639775259e+01
-7.264957264957301319e-01,1.330989065940238447e+01
-7.229344729344759912e-01,1.346860092926394259e+01
-7.193732193732227387e-01,1.359198185823163385e+01
-7.158119658119694861e-01,1.367459816309109044e+01
-7.122507122507153454e-01,1.371101456062780244e+01
-7.086894586894620929e-01,1.369579576762738782e+01
-7.051282051282088403e-01,1.366508641746581532e+01
-7.015669515669546996e-01,1.361616886853590813e+01
-6.980056980057014471e-01,1.350746320424715918e+01
-6.944444444444481945e-01,1.338054934119008976e+01
-6.908831908831940538e-01,1.330010714961642293e+01
-6.873219373219408013e-01,1.325309194981156224e+01
-6.837606837606866605e-01,1.322999199615018995e+01
-6.801994301994334080e-01,1.322401318461430719e+01
-6.766381766381801555e-01,1.318949913620264169e+01
-6.730769230769260147e-01,1.312318868098650171e+01
-6.695156695156727622e-01,1.302453829064448598e+01
-6.659544159544195097e-01,1.287724211553324949e+01
-6.623931623931653689e-01,1.271282479829656609e+01
-6.588319088319121164e-01,1.244812650575350688e+01
-6.552706552706588639e-01,1.208858252111853915e+01
-6.517094017094047231e-01,1.168745861989314960e+01
-6.481481481481514706e-01,1.116295378970004037e+01
-6.445868945868982181e-01,1.050066453002096978e+01
-6.410256410256440773e-01,9.729669606053192865e+00
-6.374643874643908248e-01,8.920627699584358083e+00
-6.339031339031375722e-01,8.102617575811692063e+00
-6.303418803418834315e-01,7.302000358325216212e+00
-6.267806267806301790e-01,6.242120131510105807e+00
-6.232193732193769264e-01,5.559448559776896559e+00
-6.196581196581227857e-01,5.277085596786960764e+00
-6.160968660968695332e-01,5.408075922254866441e+00
-6.125356125356162806e-01,5.915731374483229388e+00
-6.089743589743621399e-01,6.672051033772035566e+00
-6.054131054131088874e-01,7.682198419175037429e+00
-6.018518518518547467e-01,8.861926640868446725e+00
-5.982905982906014941e-01,1.003839369263317849e+01
-5.947293447293482416e-01,1.113305973202066923e+01
-5.911680911680941009e-01,1.206113434088565839e+01
-5.876068376068408483e-01,1.277587408358402854e+01
-5.840455840455875958e-01,1.323053552447164805e+01
-5.804843304843334550e-01,1.331831534838477182e+01
-5.769230769230802025e-01,1.303676767787696633e+01
-5.733618233618269500e-01,1.299138306303640888e+01
-5.698005698005728092e-01,1.293648670257061895e+01
-5.662393162393195567e-01,1.285359863355046173e+01
-5.626780626780663042e-01,1.269352954288530100e+01
-5.591168091168121634e-01,1.245410531728938963e+01
-5.555555555555589109e-01,1.219864700621087650e+01
-5.519943019943056584e-01,1.193394871366784571e+01
-5.484330484330515176e-01,1.163065991030228474e+01
-5.448717948717982651e-01,1.130372762495393602e+01
-5.413105413105450125e-01,1.090803900694297113e+01
-5.377492877492908718e-01,1.052131860623583748e+01
-5.341880341880376193e-01,1.014003348874314270e+01
-5.306267806267843667e-01,9.760650720375480205e+00
-5.270655270655302260e-01,9.418499642026702645e+00
-5.235042735042769735e-01,9.146191952983457440e+00
-5.199430199430237209e-01,8.953239398870948662e+00
-5.163817663817695802e-01,8.804856167116838606e+00
-5.128205128205163277e-01,8.682018766470562809e+00
-5.092592592592621870e-01,8.601848339057625026e+00
-5.056980056980089344e-01,8.599130697450419802e+00
-5.021367521367556819e-01,8.645874133094565650e+00
-4.985754985755015412e-01,8.690986983774394048e+00
-4.950142450142482886e-01,8.740719825186488379e+00
-4.914529914529950361e-01,8.756210382347632049e+00
-4.878917378917408953e-01,8.797518534777353238e+00
-4.843304843304876428e-01,8.799149119741684899e+00
-4.807692307692343903e-01,8.815726733545730553e+00
-4.772079772079802495e-01,8.839098451367817688e+00
-4.736467236467269970e-01,8.902691264976709817e+00
-4.700854700854737445e-01,8.979872286621684907e+00
-4.665242165242196037e-01,9.065206233088346721e+00
-4.629629629629663512e-01,9.153257821162213759e+00
-4.594017094017130987e-01,9.238591767628861362e+00
-4.558404558404589579e-01,9.315772789273850663e+00
-4.522792022792057054e-01,9.379365602882771213e+00
-4.487179487179524529e-01,9.423934925241141514e+00
-4.451566951566983121e-01,9.444045473134551116e+00
-4.415954415954450596e-01,9.434261963348561153e+00
-4.380341880341918070e-01,9.430729029259182994e+00
-4.344729344729376663e-01,9.409531424722885617e+00
-4.309116809116844138e-01,9.409531424722885617e+00
-4.273504273504302731e-01,9.409531424722885617e+00
-4.237891737891770205e-01,9.409531424722885617e+00
-4.202279202279237680e-01,9.409531424722885617e+00
-4.166666666666696273e-01,9.409531424722885617e+00
-4.131054131054163747e-01,9.409531424722885617e+00
-4.095441595441631222e-01,9.409531424722885617e+00
-4.059829059829089815e-01,9.409531424722885617e+00
-4.024216524216557289e-01,9.409531424722885617e+00
-3.988603988604024764e-01,9.430729029259182994e+00
-3.952991452991483357e-01,9.434261963348561153e+00
-3.917378917378950831e-01,9.444045473134551116e+00
-3.881766381766418306e-01,9.423934925241141514e+00
-3.846153846153876898e-01,9.379365602882771213e+00
-3.810541310541344373e-01,9.315772789273850663e+00
-3.774928774928811848e-01,9.217394163092549775e+00
-3.739316239316270440e-01,9.128527282536524012e+00
-3.703703703703737915e-01,9.051889789212978599e+00
-3.668091168091205390e-01,9.011396929265416134e+00
-3.632478632478663982e-01,8.970904069317867879e+00
-3.596866096866131457e-01,8.935846492584772705e+00
-3.561253561253598932e-01,8.911659482280512634e+00
-3.525641025641057524e-01,8.882580717083271793e+00
-3.490028490028524999e-01,8.892907755190705643e+00
-3.454415954415983592e-01,8.882580717083286004e+00
-3.418803418803451066e-01,8.911659482280512634e+00
-3.383190883190918541e-01,8.935846492584744283e+00
-3.347578347578377134e-01,8.970904069317867879e+00
-3.311965811965844608e-01,9.011396929265416134e+00
-3.276353276353312083e-01,9.051889789212978599e+00
-3.240740740740770676e-01,9.128527282536524012e+00
-3.205128205128238150e-01,9.238591767628861362e+00
-3.169515669515705625e-01,9.340503327899540409e+00
-3.133903133903164218e-01,9.413879651294436712e+00
-3.098290598290631692e-01,9.459536030295708997e+00
-3.062678062678099167e-01,9.438610189920126459e+00
-3.027065527065557760e-01,9.353819771774922742e+00
-2.991452991453025234e-01,9.249462334057753310e+00
-2.955840455840492709e-01,9.109775555446745443e+00
-2.920227920227951302e-01,8.960577031210448240e+00
-2.884615384615418776e-01,8.806486752081156055e+00
-2.849002849002886251e-01,8.670604671720283818e+00
-2.813390313390344843e-01,8.594510706718182291e+00
-2.777777777777812318e-01,8.557007252538539888e+00
-2.742165242165279793e-01,8.596956584164644255e+00
-2.706552706552738385e-01,8.690443455452964372e+00
-2.670940170940205860e-01,8.832032583189032948e+00
-2.635327635327673335e-01,9.034768647087503268e+00
-2.599715099715131927e-01,9.206523596663686249e+00
-2.564102564102599402e-01,9.351373894328418146e+00
-2.528490028490057995e-01,9.485625389725001355e+00
-2.492877492877525469e-01,9.659010924265515996e+00
-2.457264957264992944e-01,9.725864907803099868e+00
-2.421652421652451537e-01,9.807122391858868582e+00
-2.386039886039919011e-01,1.016802519729749577e+01
-2.350427350427386486e-01,1.079770275768993315e+01
-2.314814814814845079e-01,1.153146599163882513e+01
-2.279202279202312553e-01,1.230246091560661625e+01
-2.243589743589780028e-01,1.358817715998154085e+01
-2.207977207977238621e-01,1.523615503059860998e+01
-2.172364672364706095e-01,1.716622410004497112e+01
-2.136752136752173570e-01,1.928734337447873770e+01
-2.101139601139632163e-01,2.107446449538539923e+01
-2.065527065527099637e-01,2.323716368640963026e+01
-2.029914529914567112e-01,2.556591077963484793e+01
-1.994301994302025705e-01,2.779818159580386805e+01
-1.958689458689493179e-01,3.008371818747433224e+01
-1.923076923076960654e-01,3.256492497486451043e+01
-1.887464387464419246e-01,3.522902904242049260e+01
-1.851851851851886721e-01,3.776730630356225049e+01
-1.816239316239354196e-01,3.976151171493894765e+01
-1.780626780626812788e-01,4.186252044147930462e+01
-1.745014245014280263e-01,4.431926845440453633e+01
-1.709401709401738856e-01,4.674911181541830274e+01
-1.673789173789206330e-01,4.900883081182018941e+01
-1.638176638176673805e-01,5.096254336324933831e+01
-1.602564102564132398e-01,5.227054426880341964e+01
-1.566951566951599872e-01,5.390792333715238982e+01
-1.531339031339067347e-01,5.539719093790793636e+01
-1.495726495726525940e-01,5.674758705253463376e+01
-1.460113960113993414e-01,5.824636639891546253e+01
-1.424501424501460889e-01,5.964839770407930075e+01
-1.388888888888919482e-01,6.088628345616718462e+01
-1.353276353276386956e-01,6.177169109179886419e+01
-1.317663817663854431e-01,6.248208260792569746e+01
-1.282051282051313024e-01,6.353299461743694820e+01
-1.246438746438780498e-01,6.458336309862677638e+01
-1.210826210826247973e-01,6.563318805149515356e+01
-1.175213675213706566e-01,6.662404018148689033e+01
-1.139601139601174040e-01,6.745944321154576073e+01
-1.103988603988641515e-01,6.812961363188576058e+01
-1.068376068376100108e-01,6.894789551981915565e+01
-1.032763532763567582e-01,6.970339988662578889e+01
-9.971509971510350567e-02,7.029258458707069224e+01
-9.615384615384936495e-02,7.060701572102584578e+01
-9.259259259259611241e-02,7.069398025245681083e+01
-8.903133903134197169e-02,7.042873843159233616e+01
-8.547008547008871915e-02,6.981862789077186449e+01
-8.190883190883546661e-02,6.912590104509195044e+01
-7.834757834758132589e-02,6.827555098619338025e+01
-7.478632478632807334e-02,6.700097707240806244e+01
-7.122507122507482080e-02,6.605578132141758374e+01
-6.766381766382068008e-02,6.558834696497606842e+01
-6.410256410256742754e-02,6.558427050256523216e+01
-6.054131054131417500e-02,6.602996372614900622e+01
-5.698005698006003428e-02,6.691346901265562508e+01
-5.341880341880678174e-02,6.848752703155639665e+01
-4.985754985755352919e-02,6.964116589382049938e+01
-4.629629629629938847e-02,7.113004526006108108e+01
-4.273504273504613593e-02,7.217708139499441700e+01
-3.917378917379288339e-02,7.252828804341291402e+01
-3.561253561253874267e-02,7.192967895010869483e+01
-3.205128205128549013e-02,7.012726785987379685e+01
-2.849002849003223758e-02,6.686706851750028591e+01
-2.492877492877809686e-02,6.189509466778024205e+01
